node_id,node_type,technical_name,qualified_name,default_display_name,system_key,database_key,repository_key,graph_role,confidence,properties_json
angular-component:customer-web:createorder,ANGULAR_COMPONENT,CreateOrderComponent,customer-web.CreateOrderComponent,CreateOrderComponent,customer-web,,customer-web,TECHNICAL,1,{}
angular-component:customer-web:orderdetail,ANGULAR_COMPONENT,OrderDetailComponent,customer-web.OrderDetailComponent,OrderDetailComponent,customer-web,,customer-web,TECHNICAL,1,{}
angular-component:customer-web:shipmentpage,ANGULAR_COMPONENT,ShipmentPageComponent,customer-web.ShipmentPageComponent,ShipmentPageComponent,customer-web,,customer-web,TECHNICAL,1,{}
angular-project:customer-web:customer-web,ANGULAR_PROJECT,customer-web,customer-web,customer-web,customer-web,,customer-web,TECHNICAL,1,{}
angular-service:customer-web:dynamicordercaller,ANGULAR_SERVICE,DynamicOrderCaller,customer-web.DynamicOrderCaller,DynamicOrderCaller,customer-web,,customer-web,TECHNICAL,1,{}
angular-service:customer-web:order,ANGULAR_SERVICE,OrderService,customer-web.OrderService,OrderService,customer-web,,customer-web,TECHNICAL,1,"{""semantic_tree"":{""analysis_notes"":[],""exceptions"":[],""label"":""OrderService"",""outputs"":[],""parameters"":[],""steps"":[{""label"":""createOrder: POST /order-api/api/orders"",""ref_node_id"":""api-call:customer-web:POST:/order-api/api/orders"",""source"":{""line"":27,""path"":""demo-sources/customer-web/src/app/order-flow.ts""},""type"":""http_call""},{""label"":""readOrder: GET /order-api/api/orders/{id}"",""ref_node_id"":""api-call:customer-web:GET:/order-api/api/orders/{id}"",""source"":{""line"":31,""path"":""demo-sources/customer-web/src/app/order-flow.ts""},""type"":""http_call""},{""label"":""cancelOrder: DELETE /order-api/api/orders/{id}"",""ref_node_id"":""api-call:customer-web:DELETE:/order-api/api/orders/{id}"",""source"":{""line"":36,""path"":""demo-sources/customer-web/src/app/order-flow.ts""},""type"":""http_call""},{""label"":""retryOrder: POST /order-api/api/orders/retry"",""ref_node_id"":""api-call:customer-web:POST:/order-api/api/orders/retry"",""source"":{""line"":40,""path"":""demo-sources/customer-web/src/app/order-flow.ts""},""type"":""http_call""},{""label"":""patchStatus: PATCH /order-api/api/orders/{id}/status"",""ref_node_id"":""api-call:customer-web:PATCH:/order-api/api/orders/{id}/status"",""source"":{""line"":46,""path"":""demo-sources/customer-web/src/app/order-flow.ts""},""type"":""http_call""},{""label"":""confirmShipment: POST /order-api/api/shipments/{id}/confirm"",""ref_node_id"":""api-call:customer-web:POST:/order-api/api/shipments/{id}/confirm"",""source"":{""line"":50,""path"":""demo-sources/customer-web/src/app/order-flow.ts""},""type"":""http_call""}],""summary"":"""",""type"":""operation"",""version"":2}}"
api-call:customer-web:DELETE:/order-api/api/orders/{id},API_CALL_REFERENCE,DELETE /order-api/api/orders/{id},DELETE /order-api/api/orders/{id},DELETE /order-api/api/orders/{id},customer-web,,customer-web,TECHNICAL,1,"{""method"":""DELETE"",""route"":""/order-api/api/orders/{id}""}"
api-call:customer-web:GET:/order-api/api/orders/{id},API_CALL_REFERENCE,GET /order-api/api/orders/{id},GET /order-api/api/orders/{id},GET /order-api/api/orders/{id},customer-web,,customer-web,TECHNICAL,1,"{""method"":""GET"",""route"":""/order-api/api/orders/{id}""}"
api-call:customer-web:PATCH:/order-api/api/orders/{id}/status,API_CALL_REFERENCE,PATCH /order-api/api/orders/{id}/status,PATCH /order-api/api/orders/{id}/status,PATCH /order-api/api/orders/{id}/status,customer-web,,customer-web,TECHNICAL,1,"{""method"":""PATCH"",""route"":""/order-api/api/orders/{id}/status""}"
api-call:customer-web:POST:/order-api/api/orders,API_CALL_REFERENCE,POST /order-api/api/orders,POST /order-api/api/orders,POST /order-api/api/orders,customer-web,,customer-web,TECHNICAL,1,"{""method"":""POST"",""route"":""/order-api/api/orders""}"
api-call:customer-web:POST:/order-api/api/orders/retry,API_CALL_REFERENCE,POST /order-api/api/orders/retry,POST /order-api/api/orders/retry,POST /order-api/api/orders/retry,customer-web,,customer-web,TECHNICAL,1,"{""method"":""POST"",""route"":""/order-api/api/orders/retry""}"
api-call:customer-web:POST:/order-api/api/shipments/{id}/confirm,API_CALL_REFERENCE,POST /order-api/api/shipments/{id}/confirm,POST /order-api/api/shipments/{id}/confirm,POST /order-api/api/shipments/{id}/confirm,customer-web,,customer-web,TECHNICAL,1,"{""method"":""POST"",""route"":""/order-api/api/shipments/{id}/confirm""}"
screen:customer-web:/orders/{id},SCREEN,OrderDetailComponent,customer-web./orders/{id},Orders,customer-web,,customer-web,MAIN,1,"{""lazy"":false,""route"":""/orders/{id}"",""routeLoader"":""component""}"
screen:customer-web:/orders/new,SCREEN,CreateOrderComponent,customer-web./orders/new,Orders New,customer-web,,customer-web,MAIN,1,"{""lazy"":false,""route"":""/orders/new"",""routeLoader"":""component""}"
screen:customer-web:/shipments/{id},SCREEN,ShipmentPageComponent,customer-web./shipments/{id},Shipments,customer-web,,customer-web,MAIN,1,"{""lazy"":false,""route"":""/shipments/{id}"",""routeLoader"":""component""}"
ui-action:customer-web:submitorder,UI_ACTION,submitOrder,customer-web.submitOrder,Submit Order,customer-web,,customer-web,MAIN,1,"{""semantic_tree"":{""analysis_notes"":[],""exceptions"":[],""label"":""submitOrder"",""outputs"":[],""parameters"":[],""steps"":[{""label"":""Call createOrder"",""ref_node_id"":""api-call:customer-web:POST:/order-api/api/orders"",""source"":{""line"":59,""path"":""demo-sources/customer-web/src/app/order-flow.ts""},""type"":""call""}],""summary"":"""",""type"":""operation"",""version"":2}}"
