edge_id,source_node_id,target_node_id,edge_type,graph_layer,raw_operation,confidence,properties_json
edge:1d9a0d70e761f835f78b293c81b5d3d7ec7f4b0e5f2d86f8d2aeee762886c159,sql-file:order-ops:demo-sources/order-ops/reconcile_orders.sql,table:ORDER_DB:ORDER_DAILY_SUMMARY,MERGES,TECHNICAL,MERGE,1.0,{}
edge:3555f85df73b00ae609d23f5fe0fa28574041c8285984a8acc9dead39d99c080,sql-file:order-ops:demo-sources/order-ops/load_orders.ctl,column:ORDER_DB:ORDER_HEADER:CUSTOMER_ID,WRITES_COLUMN,TECHNICAL,FIELD_MAP,1.0,"{""datatype"":""INTEGER EXTERNAL"",""loadMode"":""APPEND"",""sourceField"":""CUSTOMER_ID"",""targetColumn"":""CUSTOMER_ID""}"
edge:3cdeb21186c5ff902f04ea7b406578c92c74da3b048a5b40a40ff24583e7618b,sql-file:order-ops:demo-sources/order-ops/load_orders.ctl,column:ORDER_DB:ORDER_HEADER:CREATED_AT,WRITES_COLUMN,TECHNICAL,FIELD_MAP,1.0,"{""datatype"":""TIMESTAMP"",""loadMode"":""APPEND"",""sourceField"":""CREATED_AT"",""targetColumn"":""CREATED_AT"",""transform"":""YYYY-MM-DD HH24:MI:SS""}"
edge:833eadfaadbe475de50b4ec2496001edafbd62d7e700391a4da47aef2d041b95,sql-file:order-ops:demo-sources/order-ops/load_orders.ctl,column:ORDER_DB:ORDER_HEADER:TOTAL_AMOUNT,WRITES_COLUMN,TECHNICAL,FIELD_MAP,1.0,"{""datatype"":""DECIMAL EXTERNAL"",""loadMode"":""APPEND"",""sourceField"":""TOTAL_AMOUNT"",""targetColumn"":""TOTAL_AMOUNT""}"
edge:9fee8dd1e03f6ff4948fefcdc34fe1924dc9dd8594a130081f557bcc868fa791,sql-file:order-ops:demo-sources/order-ops/load_orders.ctl,table:ORDER_DB:ORDER_HEADER,INSERTS,TECHNICAL,APPEND,1.0,"{""infile"":""orders.csv"",""loader"":""SQL*Loader""}"
edge:a3b22e38543f06e3309d27a23af0518c7c3c8a9c23480dedfb4f3c2c0bc1cefc,sql-file:order-ops:demo-sources/order-ops/load_orders.ctl,column:ORDER_DB:ORDER_HEADER:ORDER_ID,WRITES_COLUMN,TECHNICAL,FIELD_MAP,1.0,"{""datatype"":""INTEGER EXTERNAL"",""loadMode"":""APPEND"",""sourceField"":""ORDER_ID"",""targetColumn"":""ORDER_ID""}"
edge:a594db7e40bc2b7a8659cb30b2f1f25eca43fdbc27a30d978868ac4464fd477e,sql-file:order-ops:demo-sources/order-ops/reconcile_orders.sql,table:ORDER_DB:ORDER_HEADER,READS,TECHNICAL,SELECT,1.0,{}
edge:ab6d9baad0da448c8b7a605b063fb9f980c27ac025599135d2cdb7888540507e,sql-file:order-ops:demo-sources/order-ops/load_orders.ctl,column:ORDER_DB:ORDER_HEADER:STATUS,WRITES_COLUMN,TECHNICAL,FIELD_MAP,1.0,"{""datatype"":""CHAR"",""loadMode"":""APPEND"",""sourceField"":""STATUS"",""targetColumn"":""STATUS""}"
edge:f2b8626760af22125e5b1bc60b645d54dda9a7ab4eb72dfd718420178401799e,sql-file:order-ops:demo-sources/order-ops/reconcile_orders.sql,table:ORDER_DB:SHIPMENT,READS,TECHNICAL,SELECT,1.0,{}
