evidence_id,target_type,target_id,source_path,start_line,end_line,start_column,end_column,evidence_kind,extractor_name,confidence,snippet,properties_json
ev:44149df2b6409a9899ea0733,EDGE,edge:a594db7e40bc2b7a8659cb30b2f1f25eca43fdbc27a30d978868ac4464fd477e,demo-sources/order-ops/reconcile_orders.sql,7,7,1,20,SQL,sql-file-extractor,1.0,FROM ORDER_HEADER oh,{}
ev:4f7eeae4245cdc5b789eebc3,EDGE,edge:a3b22e38543f06e3309d27a23af0518c7c3c8a9c23480dedfb4f3c2c0bc1cefc,demo-sources/order-ops/load_orders.ctl,9,9,1,26,SQL_LOADER_CONTROL,sql-file-extractor,1.0,"ORDER_ID INTEGER EXTERNAL,",{}
ev:53b17246b6d6347a4b5e89c0,EDGE,edge:a594db7e40bc2b7a8659cb30b2f1f25eca43fdbc27a30d978868ac4464fd477e,demo-sources/order-ops/reconcile_orders.sql,21,21,1,20,SQL,sql-file-extractor,1.0,FROM ORDER_HEADER oh,{}
ev:58146c5d05089a4b97f0f5a3,EDGE,edge:833eadfaadbe475de50b4ec2496001edafbd62d7e700391a4da47aef2d041b95,demo-sources/order-ops/load_orders.ctl,12,12,1,30,SQL_LOADER_CONTROL,sql-file-extractor,1.0,"TOTAL_AMOUNT DECIMAL EXTERNAL,",{}
ev:9ee529c9d3f910b1e08314dc,EDGE,edge:f2b8626760af22125e5b1bc60b645d54dda9a7ab4eb72dfd718420178401799e,demo-sources/order-ops/reconcile_orders.sql,8,8,1,21,SQL,sql-file-extractor,1.0,LEFT JOIN SHIPMENT sp,{}
ev:9f242d7bcd0080ed88d3b825,EDGE,edge:1d9a0d70e761f835f78b293c81b5d3d7ec7f4b0e5f2d86f8d2aeee762886c159,demo-sources/order-ops/reconcile_orders.sql,16,16,1,34,SQL,sql-file-extractor,1.0,MERGE INTO ORDER_DAILY_SUMMARY dst,{}
ev:a40ed3a3f198e5439f3a51de,EDGE,edge:9fee8dd1e03f6ff4948fefcdc34fe1924dc9dd8594a130081f557bcc868fa791,demo-sources/order-ops/load_orders.ctl,6,6,1,23,SQL_LOADER_CONTROL,sql-file-extractor,1.0,INTO TABLE ORDER_HEADER,{}
ev:a746e4feefafb5931c3f39ee,EDGE,edge:f2b8626760af22125e5b1bc60b645d54dda9a7ab4eb72dfd718420178401799e,demo-sources/order-ops/reconcile_orders.sql,13,13,1,57,SQL,sql-file-extractor,1.0,SELECT SHIPMENT_ID FROM SHIPMENT WHERE STATUS <> 'CLOSED',{}
ev:b1987222fadf05d6edfcb659,EDGE,edge:ab6d9baad0da448c8b7a605b063fb9f980c27ac025599135d2cdb7888540507e,demo-sources/order-ops/load_orders.ctl,11,11,1,12,SQL_LOADER_CONTROL,sql-file-extractor,1.0,"STATUS CHAR,",{}
ev:f09885c38bda9a3286b3e9bc,EDGE,edge:3cdeb21186c5ff902f04ea7b406578c92c74da3b048a5b40a40ff24583e7618b,demo-sources/order-ops/load_orders.ctl,13,13,1,44,SQL_LOADER_CONTROL,sql-file-extractor,1.0,"CREATED_AT TIMESTAMP ""YYYY-MM-DD HH24:MI:SS""",{}
ev:fd1effe31995502db3f2ba8a,EDGE,edge:3555f85df73b00ae609d23f5fe0fa28574041c8285984a8acc9dead39d99c080,demo-sources/order-ops/load_orders.ctl,10,10,1,29,SQL_LOADER_CONTROL,sql-file-extractor,1.0,"CUSTOMER_ID INTEGER EXTERNAL,",{}
