database_key,schema_name,object_name,object_type,status,comment
DB1,APP,ORDERS,TABLE,VALID,Order header
DB1,APP,BACKORDER,TABLE,VALID,Backorder
DB1,APP,FULFILLMENT_ALLOCATION,TABLE,VALID,Fulfillment Allocation
DB1,APP,INVENTORY_RESERVATION,TABLE,VALID,Inventory Reservation
DB1,APP,ORDER_DAILY_SUMMARY,TABLE,VALID,Order Daily Summary
DB1,APP,ORDER_HEADER,TABLE,VALID,Order Header
DB1,APP,ORDER_LINE,TABLE,VALID,Order Line
DB1,APP,ORDER_STAGING_LINES,TABLE,VALID,Order Staging Lines
DB1,APP,PAYMENT_TRANSACTION,TABLE,VALID,Payment Transaction
DB1,APP,SHIPMENT,TABLE,VALID,Shipment
DB1,APP,SHIPMENT_AUDIT,TABLE,VALID,Shipment Audit
DB1,APP,SHIPMENT_PACKAGE,TABLE,VALID,Shipment Package
