database_key,schema_name,object_name,column_name,ordinal_position,data_type,data_length,data_precision,data_scale,nullable,default_value,primary_key,comment
DB1,APP,ORDERS,ORDER_ID,1,NUMBER,,18,0,N,,Y,Order identifier
DB1,APP,BACKORDER,BACKORDER_ID,1,NUMBER,,,,N,,,Backorder ID
DB1,APP,BACKORDER,ORDER_ID,2,NUMBER,,,,N,,,Order ID
DB1,APP,BACKORDER,QUANTITY,3,NUMBER,,,,N,,,Quantity
DB1,APP,FULFILLMENT_ALLOCATION,ALLOCATION_ID,1,NUMBER,,,,N,,,Allocation ID
DB1,APP,FULFILLMENT_ALLOCATION,ORDER_ID,2,NUMBER,,,,N,,,Order ID
DB1,APP,FULFILLMENT_ALLOCATION,STATUS,3,VARCHAR2,,,,N,,,Status
DB1,APP,INVENTORY_RESERVATION,RESERVATION_ID,1,NUMBER,,,,N,,,Reservation ID
DB1,APP,INVENTORY_RESERVATION,ORDER_ID,2,NUMBER,,,,N,,,Order ID
DB1,APP,INVENTORY_RESERVATION,PRODUCT_ID,3,NUMBER,,,,N,,,Product ID
DB1,APP,INVENTORY_RESERVATION,QUANTITY,4,NUMBER,,,,N,,,Quantity
DB1,APP,INVENTORY_RESERVATION,STATUS,5,VARCHAR2,,,,N,,,Status
DB1,APP,ORDER_DAILY_SUMMARY,SUMMARY_DATE,1,DATE,,,,N,,,Summary Date
DB1,APP,ORDER_DAILY_SUMMARY,ORDER_COUNT,2,NUMBER,,,,N,,,Order Count
DB1,APP,ORDER_HEADER,ORDER_ID,1,NUMBER,,,,N,,,Order ID
DB1,APP,ORDER_HEADER,CUSTOMER_ID,2,NUMBER,,,,N,,,Customer ID
DB1,APP,ORDER_HEADER,STATUS,3,VARCHAR2,,,,Y,,,Status
DB1,APP,ORDER_HEADER,TOTAL_AMOUNT,4,NUMBER,,,,Y,,,Total Amount
DB1,APP,ORDER_HEADER,CREATED_AT,5,TIMESTAMP,,,,N,,,Created At
DB1,APP,ORDER_LINE,ORDER_LINE_ID,1,NUMBER,,,,N,,,Order Line ID
DB1,APP,ORDER_LINE,ORDER_ID,2,NUMBER,,,,N,,,Order ID
DB1,APP,ORDER_LINE,PRODUCT_ID,3,NUMBER,,,,N,,,Product ID
DB1,APP,ORDER_LINE,QUANTITY,4,NUMBER,,,,N,,,Quantity
DB1,APP,ORDER_LINE,UNIT_PRICE,5,NUMBER,,,,N,,,Unit Price
DB1,APP,ORDER_STAGING_LINES,CUSTOMER_ID,1,NUMBER,,,,N,,,Customer ID
DB1,APP,ORDER_STAGING_LINES,PRODUCT_ID,2,NUMBER,,,,N,,,Product ID
DB1,APP,ORDER_STAGING_LINES,QUANTITY,3,NUMBER,,,,N,,,Quantity
DB1,APP,ORDER_STAGING_LINES,UNIT_PRICE,4,NUMBER,,,,N,,,Unit Price
DB1,APP,PAYMENT_TRANSACTION,PAYMENT_ID,1,NUMBER,,,,N,,,Payment ID
DB1,APP,PAYMENT_TRANSACTION,ORDER_ID,2,NUMBER,,,,N,,,Order ID
DB1,APP,PAYMENT_TRANSACTION,STATUS,3,VARCHAR2,,,,N,,,Status
DB1,APP,PAYMENT_TRANSACTION,AMOUNT,4,NUMBER,,,,N,,,Amount
DB1,APP,SHIPMENT,SHIPMENT_ID,1,NUMBER,,,,N,,,Shipment ID
DB1,APP,SHIPMENT,ORDER_ID,2,NUMBER,,,,N,,,Order ID
DB1,APP,SHIPMENT,STATUS,3,VARCHAR2,,,,N,,,Status
DB1,APP,SHIPMENT_AUDIT,AUDIT_ID,1,NUMBER,,,,N,,,Audit ID
DB1,APP,SHIPMENT_AUDIT,SHIPMENT_ID,2,NUMBER,,,,N,,,Shipment ID
DB1,APP,SHIPMENT_AUDIT,STATUS,3,VARCHAR2,,,,N,,,Status
DB1,APP,SHIPMENT_PACKAGE,PACKAGE_ID,1,NUMBER,,,,N,,,Package ID
DB1,APP,SHIPMENT_PACKAGE,SHIPMENT_ID,2,NUMBER,,,,N,,,Shipment ID
