database,table_code,table_name_ja,table_name_en
ORDER_DB,BACKORDER,入荷待ち注文,Backorder
ORDER_DB,FULFILLMENT_ALLOCATION,履行割当,Fulfillment Allocation
ORDER_DB,INVENTORY_RESERVATION,在庫引当,Inventory Reservation
ORDER_DB,ORDER_DAILY_SUMMARY,注文件数日次集計,Order Daily Summary
ORDER_DB,ORDER_HEADER,注文明細,Order Header
ORDER_DB,ORDER_LINE,注文明細行,Order Line
ORDER_DB,ORDER_STAGING_LINES,注文明細一時領域,Order Staging Lines
ORDER_DB,PAYMENT_TRANSACTION,決済取引,Payment Transaction
ORDER_DB,SHIPMENT,出荷,Shipment
ORDER_DB,SHIPMENT_AUDIT,出荷監査,Shipment Audit
ORDER_DB,SHIPMENT_PACKAGE,出荷梱包,Shipment Package
