db_name,schema_name,table_code,table_name_ja,table_name_en,table_description,column_code,column_name_ja,column_name_en,column_description,comment
OracleHRDB,HR,EMPLOYEE,従業員,Employee,Employee master,EMP_ID,従業員ID,Employee ID,Primary key used by payroll jobs,
OracleHRDB,HR,EMPLOYEE,従業員,Employee,Employee master,DEPT_ID,部門ID,Department ID,Department foreign key,
OracleHRDB,HR,EMPLOYEE,従業員,Employee,Employee master,BASIC_SALARY,基本給,Basic salary,Base monthly salary,
OracleHRDB,HR,EMPLOYEE,従業員,Employee,Employee master,ALLOWANCE,手当,Allowance,Monthly allowance,
OracleHRDB,HR,EMPLOYEE,従業員,Employee,Employee master,STATUS,ステータス,Status,Employment status,
OracleHRDB,HR,EMPLOYEE,従業員,Employee,Employee master,COUNTRY_CODE,国コード,Country code,Tax country code,
OracleHRDB,HR,DEPARTMENT,部門,Department,Department master,DEPT_ID,部門ID,Department ID,Primary key,
OracleHRDB,HR,DEPARTMENT,部門,Department,Department master,DEPT_NAME,部門名,Department name,Display name,
OracleHRDB,HR,PAYROLL_BASE,給与基礎,Payroll Base,Monthly payroll details,BATCH_ID,バッチID,Batch ID,Payroll load batch id,
OracleHRDB,HR,PAYROLL_BASE,給与基礎,Payroll Base,Monthly payroll details,EMP_ID,従業員ID,Employee ID,Employee foreign key,
OracleHRDB,HR,PAYROLL_BASE,給与基礎,Payroll Base,Monthly payroll details,DEPT_ID,部門ID,Department ID,Department at payroll time,
OracleHRDB,HR,PAYROLL_BASE,給与基礎,Payroll Base,Monthly payroll details,PAY_PERIOD,給与期間,Pay period,YYYYMM payroll period,
OracleHRDB,HR,PAYROLL_BASE,給与基礎,Payroll Base,Monthly payroll details,GROSS_SALARY,総支給額,Gross salary,Basic salary plus allowance,
OracleHRDB,HR,PAYROLL_BASE,給与基礎,Payroll Base,Monthly payroll details,TAX_AMOUNT,税額,Tax amount,Calculated tax amount,
OracleHRDB,HR,PAYROLL_BASE,給与基礎,Payroll Base,Monthly payroll details,NET_SALARY,手取り給与,Net salary,Gross salary minus tax,
OracleHRDB,HR,PAYROLL_BASE,給与基礎,Payroll Base,Monthly payroll details,CLOSED_FLAG,締めフラグ,Closed flag,Month close status,
OracleHRDB,HR,PAYROLL_BASE,給与基礎,Payroll Base,Monthly payroll details,CLOSED_AT,締め日時,Closed at,Month close timestamp,
OracleHRDB,HR,PAYROLL_SUMMARY,給与集計,Payroll Summary,Department payroll summary,DEPT_ID,部門ID,Department ID,Summary department,
OracleHRDB,HR,PAYROLL_SUMMARY,給与集計,Payroll Summary,Department payroll summary,PAY_PERIOD,給与期間,Pay period,YYYYMM payroll period,
OracleHRDB,HR,PAYROLL_SUMMARY,給与集計,Payroll Summary,Department payroll summary,EMP_COUNT,従業員数,Employee count,Number of employees,
OracleHRDB,HR,PAYROLL_SUMMARY,給与集計,Payroll Summary,Department payroll summary,TOTAL_NET,手取り合計,Total net,Total net salary,
OracleHRDB,HR,PAYROLL_SUMMARY,給与集計,Payroll Summary,Department payroll summary,BONUS_TOTAL,賞与合計,Bonus total,Total bonus amount,
OracleHRDB,HR,PAYROLL_SUMMARY,給与集計,Payroll Summary,Department payroll summary,CREATED_AT,作成日時,Created at,Insert timestamp,
OracleHRDB,HR,PAYROLL_SUMMARY,給与集計,Payroll Summary,Department payroll summary,UPDATED_AT,更新日時,Updated at,Update timestamp,
OracleHRDB,HR,PAYROLL_STAGING,給与一時,Payroll Staging,Temporary payroll input,PAY_PERIOD,給与期間,Pay period,YYYYMM payroll period,
OracleHRDB,HR,JOB_AUDIT,ジョブ監査,Job Audit,Job execution audit,JOB_NAME,ジョブ名,Job name,Executed job name,
OracleHRDB,HR,JOB_AUDIT,ジョブ監査,Job Audit,Job execution audit,BATCH_ID,バッチID,Batch ID,Related payroll batch,
OracleHRDB,HR,JOB_AUDIT,ジョブ監査,Job Audit,Job execution audit,STATUS,ステータス,Status,Execution status,
OracleHRDB,HR,JOB_AUDIT,ジョブ監査,Job Audit,Job execution audit,CREATED_AT,作成日時,Created at,Audit timestamp,
OracleHRDB,HR,BONUS_PAYMENT,賞与支払,Bonus Payment,Bonus payments by employee,EMP_ID,従業員ID,Employee ID,Employee foreign key,
OracleHRDB,HR,BONUS_PAYMENT,賞与支払,Bonus Payment,Bonus payments by employee,PAY_PERIOD,給与期間,Pay period,YYYYMM payroll period,
OracleHRDB,HR,BONUS_PAYMENT,賞与支払,Bonus Payment,Bonus payments by employee,BONUS_AMOUNT,賞与金額,Bonus amount,Calculated bonus,
OracleHRDB,HR,BONUS_PAYMENT,賞与支払,Bonus Payment,Bonus payments by employee,REASON,理由,Reason,Bonus reason,
OracleHRDB,HR,TAX_CALC_LOG,税計算ログ,Tax Calc Log,Tax calculation history,EMP_ID,従業員ID,Employee ID,Employee foreign key,
OracleHRDB,HR,TAX_CALC_LOG,税計算ログ,Tax Calc Log,Tax calculation history,INCOME_AMOUNT,所得金額,Income amount,Taxable income,
OracleHRDB,HR,TAX_CALC_LOG,税計算ログ,Tax Calc Log,Tax calculation history,TAX_RATE,税率,Tax rate,Applied tax rate,
OracleHRDB,HR,TAX_CALC_LOG,税計算ログ,Tax Calc Log,Tax calculation history,CREATED_AT,作成日時,Created at,Calculation timestamp,
OracleHRDB,HR,PAYROLL_AUDIT,給与監査,Payroll Audit,Payroll base row audit,EMP_ID,従業員ID,Employee ID,Audited employee,
OracleHRDB,HR,PAYROLL_AUDIT,給与監査,Payroll Audit,Payroll base row audit,PAY_PERIOD,給与期間,Pay period,Audited period,
OracleHRDB,HR,PAYROLL_AUDIT,給与監査,Payroll Audit,Payroll base row audit,OLD_NET_SALARY,旧手取り給与,Old net salary,Previous net salary,
OracleHRDB,HR,PAYROLL_AUDIT,給与監査,Payroll Audit,Payroll base row audit,NEW_NET_SALARY,新手取り給与,New net salary,New net salary,
OracleHRDB,HR,PAYROLL_AUDIT,給与監査,Payroll Audit,Payroll base row audit,ACTION_NAME,操作名,Action name,INSERT UPDATE DELETE,
OracleHRDB,HR,PAYROLL_AUDIT,給与監査,Payroll Audit,Payroll base row audit,CREATED_AT,作成日時,Created at,Audit timestamp,
OracleHRDB,FIN,TAX_RATE,税率,Tax Rate,External tax rate table,COUNTRY_CODE,国コード,Country code,Tax country code,Accessed through fin_dblink
OracleHRDB,FIN,TAX_RATE,税率,Tax Rate,External tax rate table,MIN_INCOME,最小所得,Minimum income,Tax bracket lower bound,Accessed through fin_dblink
OracleHRDB,FIN,TAX_RATE,税率,Tax Rate,External tax rate table,MAX_INCOME,最大所得,Maximum income,Tax bracket upper bound,Accessed through fin_dblink
OracleHRDB,FIN,TAX_RATE,税率,Tax Rate,External tax rate table,RATE,税率,Rate,Tax rate,Accessed through fin_dblink
