schema_name,table_code,table_name_ja,table_name_en,table_description
HR,EMPLOYEE,従業員,Employee,Employee master
HR,DEPARTMENT,部門,Department,Department master
HR,PAYROLL_BASE,給与基礎,Payroll Base,Monthly payroll details
HR,PAYROLL_SUMMARY,給与集計,Payroll Summary,Department payroll summary
HR,PAYROLL_STAGING,給与一時,Payroll Staging,Temporary payroll input
HR,JOB_AUDIT,ジョブ監査,Job Audit,Job execution audit
HR,BONUS_PAYMENT,賞与支払,Bonus Payment,Bonus payments by employee
HR,TAX_CALC_LOG,税計算ログ,Tax Calc Log,Tax calculation history
HR,PAYROLL_AUDIT,給与監査,Payroll Audit,Payroll base row audit
FIN,TAX_RATE,税率,Tax Rate,External tax rate table