semantic_id,domain,locale,label,definition,aliases,status
semantic:orders:allocate-order,orders,en,Allocate order,Allocates available inventory to an order,ALLOCATE_ORDER|Allocate|allocate,approved
semantic:orders:allocate-order,orders,vi,Phân bổ đơn hàng,Phân bổ tồn kho khả dụng cho đơn hàng,PHÂN BỔ|ALLOCATE_ORDER|Allocate,approved
semantic:orders:cancel-order,orders,en,Cancel order,Cancels an existing order and prevents further fulfillment,CANCEL_ORDER|cancelOrder|DELETE order,approved
semantic:orders:cancel-order,orders,vi,Hủy đơn hàng,Hủy đơn hàng hiện có và ngăn xử lý hoàn tất tiếp theo,HỦY ĐƠN|CANCEL_ORDER|cancelOrder,approved
semantic:orders:create-order,orders,en,Create order,Creates a new order and initializes its business state,CREATE_ORDER|createOrder|submitOrder|POST orders,approved
semantic:orders:create-order,orders,vi,Tạo đơn hàng,Tạo đơn hàng mới và khởi tạo trạng thái nghiệp vụ,TẠO ĐƠN|CREATE_ORDER|createOrder|submitOrder,approved
semantic:orders:order-header,orders,en,Order,Primary business record for an order,ORDER_HEADER|order header|orders,approved
semantic:orders:order-header,orders,vi,Đơn hàng,Bản ghi nghiệp vụ chính của một đơn hàng,ORDER_HEADER|đơn hàng|orders,approved
semantic:orders:order-status,orders,en,Order status,Current lifecycle state of an order,STATUS|order state|OrderStatus,approved
semantic:orders:order-status,orders,vi,Trạng thái đơn hàng,Trạng thái hiện tại trong vòng đời đơn hàng,TRẠNG THÁI|STATUS|order state|OrderStatus,approved
